"exp","subject","contest","strong_strength","strong_incentive","weak_strength","weak_incentive","incentive"
"exp2",1,1,6.5,95,5,125,125
"exp2",1,1,6.5,95,5.5,115,110
"exp2",1,1,6.5,95,6.5,95,95
"exp2",1,2,6,105,5,125,125
"exp2",1,2,6,105,5.5,115,110
"exp2",1,2,6,105,6,105,105
"exp2",1,3,8,75,5,125,75
"exp2",1,3,8,75,6.5,95,75
"exp2",1,3,8,75,8,75,60
"exp2",1,4,9.5,65,5,125,65
"exp2",1,4,9.5,65,6.5,95,60
"exp2",1,4,9.5,65,9.5,65,50
"exp2",1,5,7.5,85,5,125,85
"exp2",1,5,7.5,85,6,105,85
"exp2",1,5,7.5,85,7.5,85,65
"exp2",2,1,7.5,85,5,125,100
"exp2",2,1,7.5,85,6,105,105
"exp2",2,1,7.5,85,7.5,85,85
"exp2",2,2,6.5,95,5,125,100
"exp2",2,2,6.5,95,5.5,115,100
"exp2",2,2,6.5,95,6.5,95,90
"exp2",2,3,9.5,65,5,125,95
"exp2",2,3,9.5,65,6.5,95,75
"exp2",2,3,9.5,65,9.5,65,60
"exp2",2,4,6,105,5,125,110
"exp2",2,4,6,105,5.5,115,95
"exp2",2,4,6,105,6,105,95
"exp2",2,5,8,75,5,125,85
"exp2",2,5,8,75,6.5,95,85
"exp2",2,5,8,75,8,75,70
"exp2",3,1,6.5,95,5,125,95
"exp2",3,1,6.5,95,5.5,115,95
"exp2",3,1,6.5,95,6.5,95,95
"exp2",3,2,6,105,5,125,105
"exp2",3,2,6,105,5.5,115,105
"exp2",3,2,6,105,6,105,105
"exp2",3,3,9.5,65,5,125,65
"exp2",3,3,9.5,65,6.5,95,65
"exp2",3,3,9.5,65,9.5,65,65
"exp2",3,4,8,75,5,125,75
"exp2",3,4,8,75,6.5,95,75
"exp2",3,4,8,75,8,75,75
"exp2",3,5,7.5,85,5,125,85
"exp2",3,5,7.5,85,6,105,85
"exp2",3,5,7.5,85,7.5,85,85
"exp2",4,1,8,75,5,125,110
"exp2",4,1,8,75,6.5,95,85
"exp2",4,1,8,75,8,75,100
"exp2",4,2,6,105,5,125,110
"exp2",4,2,6,105,5.5,115,105
"exp2",4,2,6,105,6,105,105
"exp2",4,3,7.5,85,5,125,90
"exp2",4,3,7.5,85,6,105,90
"exp2",4,3,7.5,85,7.5,85,85
"exp2",4,4,9.5,65,5,125,70
"exp2",4,4,9.5,65,6.5,95,70
"exp2",4,4,9.5,65,9.5,65,65
"exp2",4,5,6.5,95,5,125,100
"exp2",4,5,6.5,95,5.5,115,100
"exp2",4,5,6.5,95,6.5,95,95
"exp2",5,1,7.5,85,5,125,125
"exp2",5,1,7.5,85,6,105,105
"exp2",5,1,7.5,85,7.5,85,85
"exp2",5,2,8,75,5,125,105
"exp2",5,2,8,75,6.5,95,90
"exp2",5,2,8,75,8,75,75
"exp2",5,3,6.5,95,5,125,110
"exp2",5,3,6.5,95,5.5,115,105
"exp2",5,3,6.5,95,6.5,95,95
"exp2",5,4,6,105,5,125,110
"exp2",5,4,6,105,5.5,115,105
"exp2",5,4,6,105,6,105,105
"exp2",5,5,9.5,65,5,125,80
"exp2",5,5,9.5,65,6.5,95,75
"exp2",5,5,9.5,65,9.5,65,65
"exp2",6,1,6.5,95,5,125,125
"exp2",6,1,6.5,95,5.5,115,115
"exp2",6,1,6.5,95,6.5,95,95
"exp2",6,2,7.5,85,5,125,125
"exp2",6,2,7.5,85,6,105,105
"exp2",6,2,7.5,85,7.5,85,85
"exp2",6,3,9.5,65,5,125,125
"exp2",6,3,9.5,65,6.5,95,95
"exp2",6,3,9.5,65,9.5,65,65
"exp2",6,4,8,75,5,125,100
"exp2",6,4,8,75,6.5,95,80
"exp2",6,4,8,75,8,75,70
"exp2",6,5,6,105,5,125,100
"exp2",6,5,6,105,5.5,115,95
"exp2",6,5,6,105,6,105,90
"exp2",7,1,8,75,5,125,50
"exp2",7,1,8,75,6.5,95,40
"exp2",7,1,8,75,8,75,30
"exp2",7,2,6.5,95,5,125,50
"exp2",7,2,6.5,95,5.5,115,50
"exp2",7,2,6.5,95,6.5,95,45
"exp2",7,3,7.5,85,5,125,65
"exp2",7,3,7.5,85,6,105,60
"exp2",7,3,7.5,85,7.5,85,50
"exp2",7,4,9.5,65,5,125,60
"exp2",7,4,9.5,65,6.5,95,50
"exp2",7,4,9.5,65,9.5,65,40
"exp2",7,5,6,105,5,125,75
"exp2",7,5,6,105,5.5,115,70
"exp2",7,5,6,105,6,105,70
"exp2",8,1,9.5,65,5,125,1
"exp2",8,1,9.5,65,6.5,95,1
"exp2",8,1,9.5,65,9.5,65,1
"exp2",8,2,7.5,85,5,125,1
"exp2",8,2,7.5,85,6,105,1
"exp2",8,2,7.5,85,7.5,85,1
"exp2",8,3,8,75,5,125,1
"exp2",8,3,8,75,6.5,95,1
"exp2",8,3,8,75,8,75,1
"exp2",8,4,6,105,5,125,0
"exp2",8,4,6,105,5.5,115,0
"exp2",8,4,6,105,6,105,0
"exp2",8,5,6.5,95,5,125,1
"exp2",8,5,6.5,95,5.5,115,1
"exp2",8,5,6.5,95,6.5,95,1
"exp2",9,1,6.5,95,5,125,95
"exp2",9,1,6.5,95,5.5,115,105
"exp2",9,1,6.5,95,6.5,95,95
"exp2",9,2,8,75,5,125,70
"exp2",9,2,8,75,6.5,95,70
"exp2",9,2,8,75,8,75,40
"exp2",9,3,9.5,65,5,125,95
"exp2",9,3,9.5,65,6.5,95,81
"exp2",9,3,9.5,65,9.5,65,33
"exp2",9,4,6,105,5,125,70
"exp2",9,4,6,105,5.5,115,55
"exp2",9,4,6,105,6,105,50
"exp2",9,5,7.5,85,5,125,55
"exp2",9,5,7.5,85,6,105,60
"exp2",9,5,7.5,85,7.5,85,44
"exp2",10,1,8,75,5,125,50
"exp2",10,1,8,75,6.5,95,50
"exp2",10,1,8,75,8,75,50
"exp2",10,2,9.5,65,5,125,50
"exp2",10,2,9.5,65,6.5,95,50
"exp2",10,2,9.5,65,9.5,65,40
"exp2",10,3,7.5,85,5,125,50
"exp2",10,3,7.5,85,6,105,50
"exp2",10,3,7.5,85,7.5,85,50
"exp2",10,4,6.5,95,5,125,60
"exp2",10,4,6.5,95,5.5,115,60
"exp2",10,4,6.5,95,6.5,95,50
"exp2",10,5,6,105,5,125,60
"exp2",10,5,6,105,5.5,115,60
"exp2",10,5,6,105,6,105,55
"exp2",11,1,8,75,5,125,80
"exp2",11,1,8,75,6.5,95,65
"exp2",11,1,8,75,8,75,70
"exp2",11,2,6,105,5,125,90
"exp2",11,2,6,105,5.5,115,100
"exp2",11,2,6,105,6,105,96
"exp2",11,3,9.5,65,5,125,90
"exp2",11,3,9.5,65,6.5,95,82
"exp2",11,3,9.5,65,9.5,65,60
"exp2",11,4,7.5,85,5,125,110
"exp2",11,4,7.5,85,6,105,83
"exp2",11,4,7.5,85,7.5,85,80
"exp2",11,5,6.5,95,5,125,110
"exp2",11,5,6.5,95,5.5,115,110
"exp2",11,5,6.5,95,6.5,95,85
"exp2",12,1,6.5,95,5,125,125
"exp2",12,1,6.5,95,5.5,115,115
"exp2",12,1,6.5,95,6.5,95,95
"exp2",12,2,7.5,85,5,125,100
"exp2",12,2,7.5,85,6,105,105
"exp2",12,2,7.5,85,7.5,85,85
"exp2",12,3,9.5,65,5,125,70
"exp2",12,3,9.5,65,6.5,95,70
"exp2",12,3,9.5,65,9.5,65,65
"exp2",12,4,8,75,5,125,90
"exp2",12,4,8,75,6.5,95,80
"exp2",12,4,8,75,8,75,75
"exp2",12,5,6,105,5,125,115
"exp2",12,5,6,105,5.5,115,115
"exp2",12,5,6,105,6,105,105
"exp2",13,1,6.5,95,5,125,125
"exp2",13,1,6.5,95,5.5,115,115
"exp2",13,1,6.5,95,6.5,95,100
"exp2",13,2,7.5,85,5,125,100
"exp2",13,2,7.5,85,6,105,100
"exp2",13,2,7.5,85,7.5,85,85
"exp2",13,3,9.5,65,5,125,90
"exp2",13,3,9.5,65,6.5,95,80
"exp2",13,3,9.5,65,9.5,65,45
"exp2",13,4,8,75,5,125,80
"exp2",13,4,8,75,6.5,95,65
"exp2",13,4,8,75,8,75,45
"exp2",13,5,6,105,5,125,85
"exp2",13,5,6,105,5.5,115,80
"exp2",13,5,6,105,6,105,80
"exp2",14,1,6,105,5,125,70
"exp2",14,1,6,105,5.5,115,75
"exp2",14,1,6,105,6,105,60
"exp2",14,2,8,75,5,125,50
"exp2",14,2,8,75,6.5,95,50
"exp2",14,2,8,75,8,75,40
"exp2",14,3,6.5,95,5,125,70
"exp2",14,3,6.5,95,5.5,115,60
"exp2",14,3,6.5,95,6.5,95,50
"exp2",14,4,7.5,85,5,125,75
"exp2",14,4,7.5,85,6,105,60
"exp2",14,4,7.5,85,7.5,85,45
"exp2",14,5,9.5,65,5,125,50
"exp2",14,5,9.5,65,6.5,95,40
"exp2",14,5,9.5,65,9.5,65,30
"exp2",15,1,6.5,95,5,125,95
"exp2",15,1,6.5,95,5.5,115,95
"exp2",15,1,6.5,95,6.5,95,95
"exp2",15,2,7.5,85,5,125,85
"exp2",15,2,7.5,85,6,105,85
"exp2",15,2,7.5,85,7.5,85,85
"exp2",15,3,9.5,65,5,125,65
"exp2",15,3,9.5,65,6.5,95,65
"exp2",15,3,9.5,65,9.5,65,65
"exp2",15,4,8,75,5,125,75
"exp2",15,4,8,75,6.5,95,75
"exp2",15,4,8,75,8,75,75
"exp2",15,5,6,105,5,125,105
"exp2",15,5,6,105,5.5,115,105
"exp2",15,5,6,105,6,105,105
"exp2",16,1,7.5,85,5,125,100
"exp2",16,1,7.5,85,6,105,95
"exp2",16,1,7.5,85,7.5,85,85
"exp2",16,2,6,105,5,125,110
"exp2",16,2,6,105,5.5,115,110
"exp2",16,2,6,105,6,105,105
"exp2",16,3,9.5,65,5,125,90
"exp2",16,3,9.5,65,6.5,95,80
"exp2",16,3,9.5,65,9.5,65,65
"exp2",16,4,6.5,95,5,125,105
"exp2",16,4,6.5,95,5.5,115,100
"exp2",16,4,6.5,95,6.5,95,95
"exp2",16,5,8,75,5,125,85
"exp2",16,5,8,75,6.5,95,80
"exp2",16,5,8,75,8,75,75
"exp2",17,1,8,75,5,125,85
"exp2",17,1,8,75,6.5,95,85
"exp2",17,1,8,75,8,75,60
"exp2",17,2,9.5,65,5,125,50
"exp2",17,2,9.5,65,6.5,95,75
"exp2",17,2,9.5,65,9.5,65,50
"exp2",17,3,6.5,95,5,125,65
"exp2",17,3,6.5,95,5.5,115,75
"exp2",17,3,6.5,95,6.5,95,65
"exp2",17,4,7.5,85,5,125,50
"exp2",17,4,7.5,85,6,105,50
"exp2",17,4,7.5,85,7.5,85,50
"exp2",17,5,6,105,5,125,75
"exp2",17,5,6,105,5.5,115,75
"exp2",17,5,6,105,6,105,75
"exp2",18,1,9.5,65,5,125,65
"exp2",18,1,9.5,65,6.5,95,95
"exp2",18,1,9.5,65,9.5,65,65
"exp2",18,2,6.5,95,5,125,95
"exp2",18,2,6.5,95,5.5,115,100
"exp2",18,2,6.5,95,6.5,95,95
"exp2",18,3,7.5,85,5,125,80
"exp2",18,3,7.5,85,6,105,85
"exp2",18,3,7.5,85,7.5,85,85
"exp2",18,4,6,105,5,125,70
"exp2",18,4,6,105,5.5,115,60
"exp2",18,4,6,105,6,105,80
"exp2",18,5,8,75,5,125,50
"exp2",18,5,8,75,6.5,95,60
"exp2",18,5,8,75,8,75,45
"exp2",19,1,7.5,85,5,125,60
"exp2",19,1,7.5,85,6,105,55
"exp2",19,1,7.5,85,7.5,85,50
"exp2",19,2,9.5,65,5,125,85
"exp2",19,2,9.5,65,6.5,95,75
"exp2",19,2,9.5,65,9.5,65,50
"exp2",19,3,8,75,5,125,80
"exp2",19,3,8,75,6.5,95,70
"exp2",19,3,8,75,8,75,55
"exp2",19,4,6,105,5,125,90
"exp2",19,4,6,105,5.5,115,85
"exp2",19,4,6,105,6,105,80
"exp2",19,5,6.5,95,5,125,85
"exp2",19,5,6.5,95,5.5,115,80
"exp2",19,5,6.5,95,6.5,95,70
"exp2",20,1,6.5,95,5,125,110
"exp2",20,1,6.5,95,5.5,115,110
"exp2",20,1,6.5,95,6.5,95,95
"exp2",20,2,6,105,5,125,100
"exp2",20,2,6,105,5.5,115,100
"exp2",20,2,6,105,6,105,100
"exp2",20,3,7.5,85,5,125,95
"exp2",20,3,7.5,85,6,105,95
"exp2",20,3,7.5,85,7.5,85,95
"exp2",20,4,8,75,5,125,90
"exp2",20,4,8,75,6.5,95,80
"exp2",20,4,8,75,8,75,70
"exp2",20,5,9.5,65,5,125,80
"exp2",20,5,9.5,65,6.5,95,70
"exp2",20,5,9.5,65,9.5,65,65
"exp2",21,1,9.5,65,5,125,90
"exp2",21,1,9.5,65,6.5,95,80
"exp2",21,1,9.5,65,9.5,65,65
"exp2",21,2,7.5,85,5,125,110
"exp2",21,2,7.5,85,6,105,95
"exp2",21,2,7.5,85,7.5,85,85
"exp2",21,3,8,75,5,125,110
"exp2",21,3,8,75,6.5,95,85
"exp2",21,3,8,75,8,75,75
"exp2",21,4,6,105,5,125,115
"exp2",21,4,6,105,5.5,115,110
"exp2",21,4,6,105,6,105,105
"exp2",21,5,6.5,95,5,125,115
"exp2",21,5,6.5,95,5.5,115,105
"exp2",21,5,6.5,95,6.5,95,95
"exp2",22,1,6,105,5,125,125
"exp2",22,1,6,105,5.5,115,115
"exp2",22,1,6,105,6,105,105
"exp2",22,2,7.5,85,5,125,95
"exp2",22,2,7.5,85,6,105,95
"exp2",22,2,7.5,85,7.5,85,85
"exp2",22,3,9.5,65,5,125,80
"exp2",22,3,9.5,65,6.5,95,75
"exp2",22,3,9.5,65,9.5,65,90
"exp2",22,4,8,75,5,125,80
"exp2",22,4,8,75,6.5,95,75
"exp2",22,4,8,75,8,75,50
"exp2",22,5,6.5,95,5,125,75
"exp2",22,5,6.5,95,5.5,115,80
"exp2",22,5,6.5,95,6.5,95,60
"exp2",23,1,6.5,95,5,125,60
"exp2",23,1,6.5,95,5.5,115,55
"exp2",23,1,6.5,95,6.5,95,50
"exp2",23,2,9.5,65,5,125,50
"exp2",23,2,9.5,65,6.5,95,45
"exp2",23,2,9.5,65,9.5,65,40
"exp2",23,3,7.5,85,5,125,90
"exp2",23,3,7.5,85,6,105,85
"exp2",23,3,7.5,85,7.5,85,80
"exp2",23,4,8,75,5,125,85
"exp2",23,4,8,75,6.5,95,80
"exp2",23,4,8,75,8,75,75
"exp2",23,5,6,105,5,125,100
"exp2",23,5,6,105,5.5,115,95
"exp2",23,5,6,105,6,105,90
"exp2",24,1,8,75,5,125,100
"exp2",24,1,8,75,6.5,95,90
"exp2",24,1,8,75,8,75,75
"exp2",24,2,6.5,95,5,125,90
"exp2",24,2,6.5,95,5.5,115,80
"exp2",24,2,6.5,95,6.5,95,70
"exp2",24,3,9.5,65,5,125,70
"exp2",24,3,9.5,65,6.5,95,60
"exp2",24,3,9.5,65,9.5,65,40
"exp2",24,4,7.5,85,5,125,80
"exp2",24,4,7.5,85,6,105,60
"exp2",24,4,7.5,85,7.5,85,35
"exp2",24,5,6,105,5,125,80
"exp2",24,5,6,105,5.5,115,80
"exp2",24,5,6,105,6,105,80
"exp2",25,1,6.5,95,5,125,95
"exp2",25,1,6.5,95,5.5,115,105
"exp2",25,1,6.5,95,6.5,95,95
"exp2",25,2,6,105,5,125,75
"exp2",25,2,6,105,5.5,115,85
"exp2",25,2,6,105,6,105,95
"exp2",25,3,9.5,65,5,125,75
"exp2",25,3,9.5,65,6.5,95,65
"exp2",25,3,9.5,65,9.5,65,95
"exp2",25,4,8,75,5,125,87
"exp2",25,4,8,75,6.5,95,98
"exp2",25,4,8,75,8,75,112
"exp2",25,5,7.5,85,5,125,120
"exp2",25,5,7.5,85,6,105,105
"exp2",25,5,7.5,85,7.5,85,115
"exp2",26,1,6,105,5,125,125
"exp2",26,1,6,105,5.5,115,115
"exp2",26,1,6,105,6,105,110
"exp2",26,2,8,75,5,125,125
"exp2",26,2,8,75,6.5,95,95
"exp2",26,2,8,75,8,75,80
"exp2",26,3,7.5,85,5,125,125
"exp2",26,3,7.5,85,6,105,110
"exp2",26,3,7.5,85,7.5,85,90
"exp2",26,4,6.5,95,5,125,115
"exp2",26,4,6.5,95,5.5,115,115
"exp2",26,4,6.5,95,6.5,95,100
"exp2",26,5,9.5,65,5,125,100
"exp2",26,5,9.5,65,6.5,95,95
"exp2",26,5,9.5,65,9.5,65,65
"exp2",27,1,6.5,95,5,125,95
"exp2",27,1,6.5,95,5.5,115,90
"exp2",27,1,6.5,95,6.5,95,80
"exp2",27,2,8,75,5,125,70
"exp2",27,2,8,75,6.5,95,65
"exp2",27,2,8,75,8,75,60
"exp2",27,3,9.5,65,5,125,50
"exp2",27,3,9.5,65,6.5,95,40
"exp2",27,3,9.5,65,9.5,65,30
"exp2",27,4,6,105,5,125,85
"exp2",27,4,6,105,5.5,115,85
"exp2",27,4,6,105,6,105,80
"exp2",27,5,7.5,85,5,125,80
"exp2",27,5,7.5,85,6,105,80
"exp2",27,5,7.5,85,7.5,85,65
"exp2",28,1,7.5,85,5,125,70
"exp2",28,1,7.5,85,6,105,60
"exp2",28,1,7.5,85,7.5,85,50
"exp2",28,2,6,105,5,125,70
"exp2",28,2,6,105,5.5,115,65
"exp2",28,2,6,105,6,105,60
"exp2",28,3,8,75,5,125,70
"exp2",28,3,8,75,6.5,95,55
"exp2",28,3,8,75,8,75,45
"exp2",28,4,9.5,65,5,125,70
"exp2",28,4,9.5,65,6.5,95,55
"exp2",28,4,9.5,65,9.5,65,35
"exp2",28,5,6.5,95,5,125,70
"exp2",28,5,6.5,95,5.5,115,65
"exp2",28,5,6.5,95,6.5,95,55
"exp2",29,1,7.5,85,5,125,80
"exp2",29,1,7.5,85,6,105,75
"exp2",29,1,7.5,85,7.5,85,70
"exp2",29,2,8,75,5,125,65
"exp2",29,2,8,75,6.5,95,60
"exp2",29,2,8,75,8,75,55
"exp2",29,3,9.5,65,5,125,45
"exp2",29,3,9.5,65,6.5,95,35
"exp2",29,3,9.5,65,9.5,65,25
"exp2",29,4,6,105,5,125,95
"exp2",29,4,6,105,5.5,115,90
"exp2",29,4,6,105,6,105,90
"exp2",29,5,6.5,95,5,125,90
"exp2",29,5,6.5,95,5.5,115,85
"exp2",29,5,6.5,95,6.5,95,80
"exp2",30,1,6,105,5,125,125
"exp2",30,1,6,105,5.5,115,115
"exp2",30,1,6,105,6,105,105
"exp2",30,2,7.5,85,5,125,125
"exp2",30,2,7.5,85,6,105,105
"exp2",30,2,7.5,85,7.5,85,85
"exp2",30,3,9.5,65,5,125,125
"exp2",30,3,9.5,65,6.5,95,95
"exp2",30,3,9.5,65,9.5,65,65
"exp2",30,4,6.5,95,5,125,125
"exp2",30,4,6.5,95,5.5,115,115
"exp2",30,4,6.5,95,6.5,95,95
"exp2",30,5,8,75,5,125,125
"exp2",30,5,8,75,6.5,95,95
"exp2",30,5,8,75,8,75,75
"exp2",31,1,6,105,5,125,110
"exp2",31,1,6,105,5.5,115,107
"exp2",31,1,6,105,6,105,100
"exp2",31,2,8,75,5,125,100
"exp2",31,2,8,75,6.5,95,97
"exp2",31,2,8,75,8,75,79
"exp2",31,3,9.5,65,5,125,90
"exp2",31,3,9.5,65,6.5,95,90
"exp2",31,3,9.5,65,9.5,65,67
"exp2",31,4,7.5,85,5,125,88
"exp2",31,4,7.5,85,6,105,86
"exp2",31,4,7.5,85,7.5,85,80
"exp2",31,5,6.5,95,5,125,90
"exp2",31,5,6.5,95,5.5,115,85
"exp2",31,5,6.5,95,6.5,95,80
"exp2",32,1,7.5,85,5,125,60
"exp2",32,1,7.5,85,6,105,55
"exp2",32,1,7.5,85,7.5,85,50
"exp2",32,2,9.5,65,5,125,55
"exp2",32,2,9.5,65,6.5,95,45
"exp2",32,2,9.5,65,9.5,65,40
"exp2",32,3,6.5,95,5,125,60
"exp2",32,3,6.5,95,5.5,115,50
"exp2",32,3,6.5,95,6.5,95,30
"exp2",32,4,6,105,5,125,70
"exp2",32,4,6,105,5.5,115,65
"exp2",32,4,6,105,6,105,50
"exp2",32,5,8,75,5,125,60
"exp2",32,5,8,75,6.5,95,50
"exp2",32,5,8,75,8,75,45
"exp2",33,1,6.5,95,5,125,115
"exp2",33,1,6.5,95,5.5,115,110
"exp2",33,1,6.5,95,6.5,95,95
"exp2",33,2,8,75,5,125,105
"exp2",33,2,8,75,6.5,95,90
"exp2",33,2,8,75,8,75,75
"exp2",33,3,7.5,85,5,125,110
"exp2",33,3,7.5,85,6,105,100
"exp2",33,3,7.5,85,7.5,85,85
"exp2",33,4,9.5,65,5,125,100
"exp2",33,4,9.5,65,6.5,95,85
"exp2",33,4,9.5,65,9.5,65,65
"exp2",33,5,6,105,5,125,120
"exp2",33,5,6,105,5.5,115,115
"exp2",33,5,6,105,6,105,105
"exp2",34,1,7.5,85,5,125,85
"exp2",34,1,7.5,85,6,105,85
"exp2",34,1,7.5,85,7.5,85,85
"exp2",34,2,8,75,5,125,75
"exp2",34,2,8,75,6.5,95,75
"exp2",34,2,8,75,8,75,75
"exp2",34,3,6,105,5,125,105
"exp2",34,3,6,105,5.5,115,105
"exp2",34,3,6,105,6,105,105
"exp2",34,4,9.5,65,5,125,65
"exp2",34,4,9.5,65,6.5,95,65
"exp2",34,4,9.5,65,9.5,65,65
"exp2",34,5,6.5,95,5,125,95
"exp2",34,5,6.5,95,5.5,115,95
"exp2",34,5,6.5,95,6.5,95,95
"exp2",35,1,8,75,5,125,125
"exp2",35,1,8,75,6.5,95,170
"exp2",35,1,8,75,8,75,40
"exp2",35,2,9.5,65,5,125,70
"exp2",35,2,9.5,65,6.5,95,85
"exp2",35,2,9.5,65,9.5,65,40
"exp2",35,3,6,105,5,125,60
"exp2",35,3,6,105,5.5,115,55
"exp2",35,3,6,105,6,105,56
"exp2",35,4,7.5,85,5,125,63
"exp2",35,4,7.5,85,6,105,52
"exp2",35,4,7.5,85,7.5,85,43
"exp2",35,5,6.5,95,5,125,40
"exp2",35,5,6.5,95,5.5,115,50
"exp2",35,5,6.5,95,6.5,95,36
"exp2",36,1,7.5,85,5,125,145
"exp2",36,1,7.5,85,6,105,120
"exp2",36,1,7.5,85,7.5,85,100
"exp2",36,2,6.5,95,5,125,135
"exp2",36,2,6.5,95,5.5,115,120
"exp2",36,2,6.5,95,6.5,95,100
"exp2",36,3,8,75,5,125,150
"exp2",36,3,8,75,6.5,95,100
"exp2",36,3,8,75,8,75,80
"exp2",36,4,6,105,5,125,130
"exp2",36,4,6,105,5.5,115,120
"exp2",36,4,6,105,6,105,110
"exp2",36,5,9.5,65,5,125,130
"exp2",36,5,9.5,65,6.5,95,95
"exp2",36,5,9.5,65,9.5,65,65
"exp2",37,1,6,105,5,125,110
"exp2",37,1,6,105,5.5,115,105
"exp2",37,1,6,105,6,105,105
"exp2",37,2,7.5,85,5,125,100
"exp2",37,2,7.5,85,6,105,90
"exp2",37,2,7.5,85,7.5,85,85
"exp2",37,3,6.5,95,5,125,110
"exp2",37,3,6.5,95,5.5,115,100
"exp2",37,3,6.5,95,6.5,95,95
"exp2",37,4,9.5,65,5,125,85
"exp2",37,4,9.5,65,6.5,95,75
"exp2",37,4,9.5,65,9.5,65,65
"exp2",37,5,8,75,5,125,105
"exp2",37,5,8,75,6.5,95,85
"exp2",37,5,8,75,8,75,75
"exp2",38,1,9.5,65,5,125,90
"exp2",38,1,9.5,65,6.5,95,80
"exp2",38,1,9.5,65,9.5,65,70
"exp2",38,2,8,75,5,125,110
"exp2",38,2,8,75,6.5,95,90
"exp2",38,2,8,75,8,75,80
"exp2",38,3,7.5,85,5,125,110
"exp2",38,3,7.5,85,6,105,95
"exp2",38,3,7.5,85,7.5,85,90
"exp2",38,4,6,105,5,125,115
"exp2",38,4,6,105,5.5,115,110
"exp2",38,4,6,105,6,105,110
"exp2",38,5,6.5,95,5,125,110
"exp2",38,5,6.5,95,5.5,115,105
"exp2",38,5,6.5,95,6.5,95,100
"exp2",39,1,8,75,5,125,100
"exp2",39,1,8,75,6.5,95,90
"exp2",39,1,8,75,8,75,75
"exp2",39,2,6.5,95,5,125,95
"exp2",39,2,6.5,95,5.5,115,90
"exp2",39,2,6.5,95,6.5,95,75
"exp2",39,3,6,105,5,125,75
"exp2",39,3,6,105,5.5,115,70
"exp2",39,3,6,105,6,105,70
"exp2",39,4,7.5,85,5,125,70
"exp2",39,4,7.5,85,6,105,60
"exp2",39,4,7.5,85,7.5,85,50
"exp2",39,5,9.5,65,5,125,70
"exp2",39,5,9.5,65,6.5,95,50
"exp2",39,5,9.5,65,9.5,65,40
"exp2",40,1,9.5,65,5,125,65
"exp2",40,1,9.5,65,6.5,95,65
"exp2",40,1,9.5,65,9.5,65,65
"exp2",40,2,6,105,5,125,105
"exp2",40,2,6,105,5.5,115,105
"exp2",40,2,6,105,6,105,105
"exp2",40,3,8,75,5,125,75
"exp2",40,3,8,75,6.5,95,75
"exp2",40,3,8,75,8,75,75
"exp2",40,4,6.5,95,5,125,95
"exp2",40,4,6.5,95,5.5,115,95
"exp2",40,4,6.5,95,6.5,95,95
"exp2",40,5,7.5,85,5,125,85
"exp2",40,5,7.5,85,6,105,85
"exp2",40,5,7.5,85,7.5,85,70
"exp2",41,1,8,75,5,125,100
"exp2",41,1,8,75,6.5,95,85
"exp2",41,1,8,75,8,75,75
"exp2",41,2,9.5,65,5,125,115
"exp2",41,2,9.5,65,6.5,95,80
"exp2",41,2,9.5,65,9.5,65,65
"exp2",41,3,7.5,85,5,125,105
"exp2",41,3,7.5,85,6,105,95
"exp2",41,3,7.5,85,7.5,85,85
"exp2",41,4,6.5,95,5,125,110
"exp2",41,4,6.5,95,5.5,115,103
"exp2",41,4,6.5,95,6.5,95,85
"exp2",41,5,6,105,5,125,113
"exp2",41,5,6,105,5.5,115,105
"exp2",41,5,6,105,6,105,95
"exp2",42,1,6.5,95,5,125,65
"exp2",42,1,6.5,95,5.5,115,60
"exp2",42,1,6.5,95,6.5,95,50
"exp2",42,2,6,105,5,125,65
"exp2",42,2,6,105,5.5,115,60
"exp2",42,2,6,105,6,105,55
"exp2",42,3,7.5,85,5,125,65
"exp2",42,3,7.5,85,6,105,55
"exp2",42,3,7.5,85,7.5,85,45
"exp2",42,4,8,75,5,125,64
"exp2",42,4,8,75,6.5,95,48
"exp2",42,4,8,75,8,75,38
"exp2",42,5,9.5,65,5,125,63
"exp2",42,5,9.5,65,6.5,95,48
"exp2",42,5,9.5,65,9.5,65,33
"exp2",43,1,9.5,65,5,125,125
"exp2",43,1,9.5,65,6.5,95,85
"exp2",43,1,9.5,65,9.5,65,70
"exp2",43,2,7.5,85,5,125,110
"exp2",43,2,7.5,85,6,105,95
"exp2",43,2,7.5,85,7.5,85,86
"exp2",43,3,6,105,5,125,105
"exp2",43,3,6,105,5.5,115,105
"exp2",43,3,6,105,6,105,90
"exp2",43,4,6.5,95,5,125,95
"exp2",43,4,6.5,95,5.5,115,80
"exp2",43,4,6.5,95,6.5,95,60
"exp2",43,5,8,75,5,125,60
"exp2",43,5,8,75,6.5,95,50
"exp2",43,5,8,75,8,75,40
"exp2",44,1,6.5,95,5,125,125
"exp2",44,1,6.5,95,5.5,115,115
"exp2",44,1,6.5,95,6.5,95,100
"exp2",44,2,7.5,85,5,125,125
"exp2",44,2,7.5,85,6,105,110
"exp2",44,2,7.5,85,7.5,85,90
"exp2",44,3,9.5,65,5,125,125
"exp2",44,3,9.5,65,6.5,95,100
"exp2",44,3,9.5,65,9.5,65,70
"exp2",44,4,6,105,5,125,125
"exp2",44,4,6,105,5.5,115,120
"exp2",44,4,6,105,6,105,110
"exp2",44,5,8,75,5,125,125
"exp2",44,5,8,75,6.5,95,100
"exp2",44,5,8,75,8,75,80
"exp2",45,1,8,75,5,125,80
"exp2",45,1,8,75,6.5,95,80
"exp2",45,1,8,75,8,75,75
"exp2",45,2,9.5,65,5,125,69
"exp2",45,2,9.5,65,6.5,95,69
"exp2",45,2,9.5,65,9.5,65,65
"exp2",45,3,6,105,5,125,109
"exp2",45,3,6,105,5.5,115,109
"exp2",45,3,6,105,6,105,105
"exp2",45,4,7.5,85,5,125,85
"exp2",45,4,7.5,85,6,105,85
"exp2",45,4,7.5,85,7.5,85,85
"exp2",45,5,6.5,95,5,125,95
"exp2",45,5,6.5,95,5.5,115,95
"exp2",45,5,6.5,95,6.5,95,95
"exp2",46,1,7.5,85,5,125,50
"exp2",46,1,7.5,85,6,105,40
"exp2",46,1,7.5,85,7.5,85,30
"exp2",46,2,9.5,65,5,125,0
"exp2",46,2,9.5,65,6.5,95,0
"exp2",46,2,9.5,65,9.5,65,65
"exp2",46,3,8,75,5,125,0
"exp2",46,3,8,75,6.5,95,95
"exp2",46,3,8,75,8,75,75
"exp2",46,4,6,105,5,125,0
"exp2",46,4,6,105,5.5,115,115
"exp2",46,4,6,105,6,105,105
"exp2",46,5,6.5,95,5,125,0
"exp2",46,5,6.5,95,5.5,115,115
"exp2",46,5,6.5,95,6.5,95,95
"exp2",47,1,9.5,65,5,125,65
"exp2",47,1,9.5,65,6.5,95,65
"exp2",47,1,9.5,65,9.5,65,65
"exp2",47,2,6.5,95,5,125,90
"exp2",47,2,6.5,95,5.5,115,90
"exp2",47,2,6.5,95,6.5,95,90
"exp2",47,3,6,105,5,125,90
"exp2",47,3,6,105,5.5,115,90
"exp2",47,3,6,105,6,105,90
"exp2",47,4,7.5,85,5,125,70
"exp2",47,4,7.5,85,6,105,70
"exp2",47,4,7.5,85,7.5,85,70
"exp2",47,5,8,75,5,125,60
"exp2",47,5,8,75,6.5,95,60
"exp2",47,5,8,75,8,75,60
"exp2",48,1,8,75,5,125,75
"exp2",48,1,8,75,6.5,95,60
"exp2",48,1,8,75,8,75,50
"exp2",48,2,7.5,85,5,125,80
"exp2",48,2,7.5,85,6,105,60
"exp2",48,2,7.5,85,7.5,85,45
"exp2",48,3,6.5,95,5,125,60
"exp2",48,3,6.5,95,5.5,115,50
"exp2",48,3,6.5,95,6.5,95,40
"exp2",48,4,9.5,65,5,125,70
"exp2",48,4,9.5,65,6.5,95,50
"exp2",48,4,9.5,65,9.5,65,30
"exp2",48,5,6,105,5,125,65
"exp2",48,5,6,105,5.5,115,60
"exp2",48,5,6,105,6,105,55
"exp2",49,1,6,105,5,125,115
"exp2",49,1,6,105,5.5,115,110
"exp2",49,1,6,105,6,105,105
"exp2",49,2,6.5,95,5,125,110
"exp2",49,2,6.5,95,5.5,115,100
"exp2",49,2,6.5,95,6.5,95,95
"exp2",49,3,8,75,5,125,95
"exp2",49,3,8,75,6.5,95,85
"exp2",49,3,8,75,8,75,75
"exp2",49,4,9.5,65,5,125,80
"exp2",49,4,9.5,65,6.5,95,75
"exp2",49,4,9.5,65,9.5,65,65
"exp2",49,5,7.5,85,5,125,95
"exp2",49,5,7.5,85,6,105,92
"exp2",49,5,7.5,85,7.5,85,85
"exp2",50,1,7.5,85,5,125,110
"exp2",50,1,7.5,85,6,105,100
"exp2",50,1,7.5,85,7.5,85,85
"exp2",50,2,6.5,95,5,125,110
"exp2",50,2,6.5,95,5.5,115,105
"exp2",50,2,6.5,95,6.5,95,95
"exp2",50,3,8,75,5,125,110
"exp2",50,3,8,75,6.5,95,90
"exp2",50,3,8,75,8,75,70
"exp2",50,4,9.5,65,5,125,105
"exp2",50,4,9.5,65,6.5,95,85
"exp2",50,4,9.5,65,9.5,65,60
"exp2",50,5,6,105,5,125,105
"exp2",50,5,6,105,5.5,115,100
"exp2",50,5,6,105,6,105,90
"exp2",51,1,7.5,85,5,125,70
"exp2",51,1,7.5,85,6,105,60
"exp2",51,1,7.5,85,7.5,85,50
"exp2",51,2,9.5,65,5,125,40
"exp2",51,2,9.5,65,6.5,95,35
"exp2",51,2,9.5,65,9.5,65,40
"exp2",51,3,6.5,95,5,125,80
"exp2",51,3,6.5,95,5.5,115,80
"exp2",51,3,6.5,95,6.5,95,80
"exp2",51,4,6,105,5,125,70
"exp2",51,4,6,105,5.5,115,80
"exp2",51,4,6,105,6,105,70
"exp2",51,5,8,75,5,125,60
"exp2",51,5,8,75,6.5,95,60
"exp2",51,5,8,75,8,75,50
"exp2",52,1,9.5,65,5,125,100
"exp2",52,1,9.5,65,6.5,95,80
"exp2",52,1,9.5,65,9.5,65,65
"exp2",52,2,6,105,5,125,0
"exp2",52,2,6,105,5.5,115,0
"exp2",52,2,6,105,6,105,0
"exp2",52,3,7.5,85,5,125,100
"exp2",52,3,7.5,85,6,105,95
"exp2",52,3,7.5,85,7.5,85,85
"exp2",52,4,8,75,5,125,100
"exp2",52,4,8,75,6.5,95,90
"exp2",52,4,8,75,8,75,75
"exp2",52,5,6.5,95,5,125,110
"exp2",52,5,6.5,95,5.5,115,110
"exp2",52,5,6.5,95,6.5,95,95
"exp2",53,1,9.5,65,5,125,80
"exp2",53,1,9.5,65,6.5,95,75
"exp2",53,1,9.5,65,9.5,65,65
"exp2",53,2,6,105,5,125,100
"exp2",53,2,6,105,5.5,115,105
"exp2",53,2,6,105,6,105,105
"exp2",53,3,6.5,95,5,125,95
"exp2",53,3,6.5,95,5.5,115,95
"exp2",53,3,6.5,95,6.5,95,90
"exp2",53,4,7.5,85,5,125,85
"exp2",53,4,7.5,85,6,105,85
"exp2",53,4,7.5,85,7.5,85,70
"exp2",53,5,8,75,5,125,80
"exp2",53,5,8,75,6.5,95,70
"exp2",53,5,8,75,8,75,65
"exp2",54,1,7.5,85,5,125,75
"exp2",54,1,7.5,85,6,105,60
"exp2",54,1,7.5,85,7.5,85,85
"exp2",54,2,9.5,65,5,125,75
"exp2",54,2,9.5,65,6.5,95,50
"exp2",54,2,9.5,65,9.5,65,35
"exp2",54,3,6,105,5,125,75
"exp2",54,3,6,105,5.5,115,60
"exp2",54,3,6,105,6,105,55
"exp2",54,4,8,75,5,125,75
"exp2",54,4,8,75,6.5,95,50
"exp2",54,4,8,75,8,75,40
"exp2",54,5,6.5,95,5,125,75
"exp2",54,5,6.5,95,5.5,115,60
"exp2",54,5,6.5,95,6.5,95,50
"exp2",55,1,7.5,85,5,125,85
"exp2",55,1,7.5,85,6,105,85
"exp2",55,1,7.5,85,7.5,85,85
"exp2",55,2,6.5,95,5,125,95
"exp2",55,2,6.5,95,5.5,115,95
"exp2",55,2,6.5,95,6.5,95,95
"exp2",55,3,6,105,5,125,105
"exp2",55,3,6,105,5.5,115,105
"exp2",55,3,6,105,6,105,105
"exp2",55,4,9.5,65,5,125,65
"exp2",55,4,9.5,65,6.5,95,65
"exp2",55,4,9.5,65,9.5,65,65
"exp2",55,5,8,75,5,125,75
"exp2",55,5,8,75,6.5,95,75
"exp2",55,5,8,75,8,75,75
"exp2",56,1,9.5,65,5,125,60
"exp2",56,1,9.5,65,6.5,95,50
"exp2",56,1,9.5,65,9.5,65,45
"exp2",56,2,8,75,5,125,80
"exp2",56,2,8,75,6.5,95,70
"exp2",56,2,8,75,8,75,60
"exp2",56,3,6.5,95,5,125,90
"exp2",56,3,6.5,95,5.5,115,80
"exp2",56,3,6.5,95,6.5,95,70
"exp2",56,4,7.5,85,5,125,85
"exp2",56,4,7.5,85,6,105,70
"exp2",56,4,7.5,85,7.5,85,65
"exp2",56,5,6,105,5,125,90
"exp2",56,5,6,105,5.5,115,80
"exp2",56,5,6,105,6,105,70
"exp2",57,1,6,105,5,125,62
"exp2",57,1,6,105,5.5,115,56
"exp2",57,1,6,105,6,105,53
"exp2",57,2,8,75,5,125,55
"exp2",57,2,8,75,6.5,95,47
"exp2",57,2,8,75,8,75,40
"exp2",57,3,7.5,85,5,125,62
"exp2",57,3,7.5,85,6,105,50
"exp2",57,3,7.5,85,7.5,85,43
"exp2",57,4,9.5,65,5,125,58
"exp2",57,4,9.5,65,6.5,95,42
"exp2",57,4,9.5,65,9.5,65,31
"exp2",57,5,6.5,95,5,125,62
"exp2",57,5,6.5,95,5.5,115,57
"exp2",57,5,6.5,95,6.5,95,48
"exp2",58,1,9.5,65,5,125,0
"exp2",58,1,9.5,65,6.5,95,0
"exp2",58,1,9.5,65,9.5,65,130
"exp2",58,2,6.5,95,5,125,200
"exp2",58,2,6.5,95,5.5,115,200
"exp2",58,2,6.5,95,6.5,95,200
"exp2",58,3,8,75,5,125,0
"exp2",58,3,8,75,6.5,95,0
"exp2",58,3,8,75,8,75,0
"exp2",58,4,7.5,85,5,125,190
"exp2",58,4,7.5,85,6,105,0
"exp2",58,4,7.5,85,7.5,85,0
"exp2",58,5,6,105,5,125,125
"exp2",58,5,6,105,5.5,115,115
"exp2",58,5,6,105,6,105,105
"exp2",59,1,8,75,5,125,65
"exp2",59,1,8,75,6.5,95,7
"exp2",59,1,8,75,8,75,8
"exp2",59,2,9.5,65,5,125,70
"exp2",59,2,9.5,65,6.5,95,60
"exp2",59,2,9.5,65,9.5,65,90
"exp2",59,3,6.5,95,5,125,50
"exp2",59,3,6.5,95,5.5,115,60
"exp2",59,3,6.5,95,6.5,95,65
"exp2",59,4,6,105,5,125,55
"exp2",59,4,6,105,5.5,115,55
"exp2",59,4,6,105,6,105,60
"exp2",59,5,7.5,85,5,125,60
"exp2",59,5,7.5,85,6,105,65
"exp2",59,5,7.5,85,7.5,85,75
"exp2",60,1,6.5,95,5,125,125
"exp2",60,1,6.5,95,5.5,115,115
"exp2",60,1,6.5,95,6.5,95,95
"exp2",60,2,6,105,5,125,125
"exp2",60,2,6,105,5.5,115,115
"exp2",60,2,6,105,6,105,105
"exp2",60,3,8,75,5,125,125
"exp2",60,3,8,75,6.5,95,95
"exp2",60,3,8,75,8,75,75
"exp2",60,4,9.5,65,5,125,125
"exp2",60,4,9.5,65,6.5,95,95
"exp2",60,4,9.5,65,9.5,65,65
"exp2",60,5,7.5,85,5,125,125
"exp2",60,5,7.5,85,6,105,105
"exp2",60,5,7.5,85,7.5,85,85
"exp2",61,1,7.5,85,5,125,60
"exp2",61,1,7.5,85,6,105,75
"exp2",61,1,7.5,85,7.5,85,55
"exp2",61,2,8,75,5,125,65
"exp2",61,2,8,75,6.5,95,75
"exp2",61,2,8,75,8,75,55
"exp2",61,3,6.5,95,5,125,70
"exp2",61,3,6.5,95,5.5,115,85
"exp2",61,3,6.5,95,6.5,95,75
"exp2",61,4,9.5,65,5,125,50
"exp2",61,4,9.5,65,6.5,95,75
"exp2",61,4,9.5,65,9.5,65,45
"exp2",61,5,6,105,5,125,75
"exp2",61,5,6,105,5.5,115,80
"exp2",61,5,6,105,6,105,70
"exp2",62,1,6.5,95,5,125,200
"exp2",62,1,6.5,95,5.5,115,200
"exp2",62,1,6.5,95,6.5,95,200
"exp2",62,2,9.5,65,5,125,100
"exp2",62,2,9.5,65,6.5,95,100
"exp2",62,2,9.5,65,9.5,65,100
"exp2",62,3,6,105,5,125,90
"exp2",62,3,6,105,5.5,115,70
"exp2",62,3,6,105,6,105,60
"exp2",62,4,7.5,85,5,125,50
"exp2",62,4,7.5,85,6,105,70
"exp2",62,4,7.5,85,7.5,85,80
"exp2",62,5,8,75,5,125,70
"exp2",62,5,8,75,6.5,95,70
"exp2",62,5,8,75,8,75,60
"exp2",63,1,9.5,65,5,125,65
"exp2",63,1,9.5,65,6.5,95,65
"exp2",63,1,9.5,65,9.5,65,65
"exp2",63,2,6.5,95,5,125,63
"exp2",63,2,6.5,95,5.5,115,70
"exp2",63,2,6.5,95,6.5,95,48
"exp2",63,3,7.5,85,5,125,64
"exp2",63,3,7.5,85,6,105,64
"exp2",63,3,7.5,85,7.5,85,43
"exp2",63,4,6,105,5,125,63
"exp2",63,4,6,105,5.5,115,64
"exp2",63,4,6,105,6,105,53
"exp2",63,5,8,75,5,125,62
"exp2",63,5,8,75,6.5,95,61
"exp2",63,5,8,75,8,75,38
"exp2",64,1,7.5,85,5,125,75
"exp2",64,1,7.5,85,6,105,60
"exp2",64,1,7.5,85,7.5,85,50
"exp2",64,2,9.5,65,5,125,60
"exp2",64,2,9.5,65,6.5,95,45
"exp2",64,2,9.5,65,9.5,65,30
"exp2",64,3,8,75,5,125,65
"exp2",64,3,8,75,6.5,95,50
"exp2",64,3,8,75,8,75,40
"exp2",64,4,6.5,95,5,125,65
"exp2",64,4,6.5,95,5.5,115,60
"exp2",64,4,6.5,95,6.5,95,50
"exp2",64,5,6,105,5,125,65
"exp2",64,5,6,105,5.5,115,60
"exp2",64,5,6,105,6,105,55
"exp2",65,1,6,105,5,125,125
"exp2",65,1,6,105,5.5,115,115
"exp2",65,1,6,105,6,105,105
"exp2",65,2,9.5,65,5,125,125
"exp2",65,2,9.5,65,6.5,95,95
"exp2",65,2,9.5,65,9.5,65,65
"exp2",65,3,6.5,95,5,125,125
"exp2",65,3,6.5,95,5.5,115,115
"exp2",65,3,6.5,95,6.5,95,95
"exp2",65,4,7.5,85,5,125,125
"exp2",65,4,7.5,85,6,105,105
"exp2",65,4,7.5,85,7.5,85,85
"exp2",65,5,8,75,5,125,125
"exp2",65,5,8,75,6.5,95,95
"exp2",65,5,8,75,8,75,75
"exp2",66,1,6,105,5,125,125
"exp2",66,1,6,105,5.5,115,120
"exp2",66,1,6,105,6,105,110
"exp2",66,2,9.5,65,5,125,120
"exp2",66,2,9.5,65,6.5,95,95
"exp2",66,2,9.5,65,9.5,65,65
"exp2",66,3,8,75,5,125,120
"exp2",66,3,8,75,6.5,95,90
"exp2",66,3,8,75,8,75,70
"exp2",66,4,6.5,95,5,125,95
"exp2",66,4,6.5,95,5.5,115,110
"exp2",66,4,6.5,95,6.5,95,90
"exp2",66,5,7.5,85,5,125,80
"exp2",66,5,7.5,85,6,105,80
"exp2",66,5,7.5,85,7.5,85,80
"exp2",67,1,9.5,65,5,125,100
"exp2",67,1,9.5,65,6.5,95,95
"exp2",67,1,9.5,65,9.5,65,65
"exp2",67,2,6,105,5,125,105
"exp2",67,2,6,105,5.5,115,100
"exp2",67,2,6,105,6,105,105
"exp2",67,3,6.5,95,5,125,105
"exp2",67,3,6.5,95,5.5,115,105
"exp2",67,3,6.5,95,6.5,95,95
"exp2",67,4,8,75,5,125,105
"exp2",67,4,8,75,6.5,95,95
"exp2",67,4,8,75,8,75,75
"exp2",67,5,7.5,85,5,125,104
"exp2",67,5,7.5,85,6,105,95
"exp2",67,5,7.5,85,7.5,85,75
"exp2",68,1,9.5,65,5,125,40
"exp2",68,1,9.5,65,6.5,95,60
"exp2",68,1,9.5,65,9.5,65,30
"exp2",68,2,6.5,95,5,125,70
"exp2",68,2,6.5,95,5.5,115,60
"exp2",68,2,6.5,95,6.5,95,70
"exp2",68,3,6,105,5,125,60
"exp2",68,3,6,105,5.5,115,70
"exp2",68,3,6,105,6,105,60
"exp2",68,4,7.5,85,5,125,50
"exp2",68,4,7.5,85,6,105,60
"exp2",68,4,7.5,85,7.5,85,50
"exp2",68,5,8,75,5,125,60
"exp2",68,5,8,75,6.5,95,70
"exp2",68,5,8,75,8,75,50
"exp2",69,1,6.5,95,5,125,48
"exp2",69,1,6.5,95,5.5,115,45
"exp2",69,1,6.5,95,6.5,95,40
"exp2",69,2,7.5,85,5,125,65
"exp2",69,2,7.5,85,6,105,60
"exp2",69,2,7.5,85,7.5,85,30
"exp2",69,3,6,105,5,125,65
"exp2",69,3,6,105,5.5,115,62
"exp2",69,3,6,105,6,105,58
"exp2",69,4,8,75,5,125,55
"exp2",69,4,8,75,6.5,95,50
"exp2",69,4,8,75,8,75,30
"exp2",69,5,9.5,65,5,125,60
"exp2",69,5,9.5,65,6.5,95,58
"exp2",69,5,9.5,65,9.5,65,66
"exp2",70,1,6,105,5,125,125
"exp2",70,1,6,105,5.5,115,115
"exp2",70,1,6,105,6,105,105
"exp2",70,2,9.5,65,5,125,125
"exp2",70,2,9.5,65,6.5,95,95
"exp2",70,2,9.5,65,9.5,65,65
"exp2",70,3,7.5,85,5,125,110
"exp2",70,3,7.5,85,6,105,100
"exp2",70,3,7.5,85,7.5,85,85
"exp2",70,4,6.5,95,5,125,110
"exp2",70,4,6.5,95,5.5,115,100
"exp2",70,4,6.5,95,6.5,95,95
"exp2",70,5,8,75,5,125,80
"exp2",70,5,8,75,6.5,95,90
"exp2",70,5,8,75,8,75,75
"exp2",71,1,7.5,85,5,125,125
"exp2",71,1,7.5,85,6,105,105
"exp2",71,1,7.5,85,7.5,85,85
"exp2",71,2,6,105,5,125,125
"exp2",71,2,6,105,5.5,115,115
"exp2",71,2,6,105,6,105,105
"exp2",71,3,6.5,95,5,125,70
"exp2",71,3,6.5,95,5.5,115,70
"exp2",71,3,6.5,95,6.5,95,70
"exp2",71,4,9.5,65,5,125,40
"exp2",71,4,9.5,65,6.5,95,40
"exp2",71,4,9.5,65,9.5,65,40
"exp2",71,5,8,75,5,125,10
"exp2",71,5,8,75,6.5,95,10
"exp2",71,5,8,75,8,75,10
"exp2",72,1,6,105,5,125,130
"exp2",72,1,6,105,5.5,115,120
"exp2",72,1,6,105,6,105,105
"exp2",72,2,6.5,95,5,125,125
"exp2",72,2,6.5,95,5.5,115,115
"exp2",72,2,6.5,95,6.5,95,95
"exp2",72,3,7.5,85,5,125,105
"exp2",72,3,7.5,85,6,105,95
"exp2",72,3,7.5,85,7.5,85,75
"exp2",72,4,8,75,5,125,70
"exp2",72,4,8,75,6.5,95,65
"exp2",72,4,8,75,8,75,50
"exp2",72,5,9.5,65,5,125,50
"exp2",72,5,9.5,65,6.5,95,45
"exp2",72,5,9.5,65,9.5,65,45
"exp2",73,1,6.5,95,5,125,80
"exp2",73,1,6.5,95,5.5,115,80
"exp2",73,1,6.5,95,6.5,95,60
"exp2",73,2,7.5,85,5,125,70
"exp2",73,2,7.5,85,6,105,55
"exp2",73,2,7.5,85,7.5,85,50
"exp2",73,3,6,105,5,125,85
"exp2",73,3,6,105,5.5,115,75
"exp2",73,3,6,105,6,105,70
"exp2",73,4,9.5,65,5,125,40
"exp2",73,4,9.5,65,6.5,95,45
"exp2",73,4,9.5,65,9.5,65,35
"exp2",73,5,8,75,5,125,70
"exp2",73,5,8,75,6.5,95,60
"exp2",73,5,8,75,8,75,50
"exp2",74,1,8,75,5,125,60
"exp2",74,1,8,75,6.5,95,50
"exp2",74,1,8,75,8,75,45
"exp2",74,2,7.5,85,5,125,65
"exp2",74,2,7.5,85,6,105,55
"exp2",74,2,7.5,85,7.5,85,50
"exp2",74,3,9.5,65,5,125,65
"exp2",74,3,9.5,65,6.5,95,50
"exp2",74,3,9.5,65,9.5,65,35
"exp2",74,4,6,105,5,125,65
"exp2",74,4,6,105,5.5,115,60
"exp2",74,4,6,105,6,105,55
"exp2",74,5,6.5,95,5,125,65
"exp2",74,5,6.5,95,5.5,115,60
"exp2",74,5,6.5,95,6.5,95,50
"exp2",75,1,7.5,85,5,125,100
"exp2",75,1,7.5,85,6,105,95
"exp2",75,1,7.5,85,7.5,85,85
"exp2",75,2,6.5,95,5,125,125
"exp2",75,2,6.5,95,5.5,115,115
"exp2",75,2,6.5,95,6.5,95,85
"exp2",75,3,9.5,65,5,125,80
"exp2",75,3,9.5,65,6.5,95,80
"exp2",75,3,9.5,65,9.5,65,65
"exp2",75,4,6,105,5,125,120
"exp2",75,4,6,105,5.5,115,115
"exp2",75,4,6,105,6,105,105
"exp2",75,5,8,75,5,125,100
"exp2",75,5,8,75,6.5,95,100
"exp2",75,5,8,75,8,75,75
"exp2",76,1,6.5,95,5,125,125
"exp2",76,1,6.5,95,5.5,115,115
"exp2",76,1,6.5,95,6.5,95,95
"exp2",76,2,8,75,5,125,120
"exp2",76,2,8,75,6.5,95,90
"exp2",76,2,8,75,8,75,75
"exp2",76,3,6,105,5,125,115
"exp2",76,3,6,105,5.5,115,105
"exp2",76,3,6,105,6,105,105
"exp2",76,4,9.5,65,5,125,95
"exp2",76,4,9.5,65,6.5,95,95
"exp2",76,4,9.5,65,9.5,65,65
"exp2",76,5,7.5,85,5,125,100
"exp2",76,5,7.5,85,6,105,90
"exp2",76,5,7.5,85,7.5,85,85
"exp2",77,1,6,105,5,125,110
"exp2",77,1,6,105,5.5,115,115
"exp2",77,1,6,105,6,105,110
"exp2",77,2,6.5,95,5,125,120
"exp2",77,2,6.5,95,5.5,115,115
"exp2",77,2,6.5,95,6.5,95,100
"exp2",77,3,7.5,85,5,125,120
"exp2",77,3,7.5,85,6,105,105
"exp2",77,3,7.5,85,7.5,85,90
"exp2",77,4,9.5,65,5,125,120
"exp2",77,4,9.5,65,6.5,95,100
"exp2",77,4,9.5,65,9.5,65,70
"exp2",77,5,8,75,5,125,110
"exp2",77,5,8,75,6.5,95,95
"exp2",77,5,8,75,8,75,80
"exp2",78,1,7.5,85,5,125,1
"exp2",78,1,7.5,85,6,105,5
"exp2",78,1,7.5,85,7.5,85,5
"exp2",78,2,6.5,95,5,125,5
"exp2",78,2,6.5,95,5.5,115,20
"exp2",78,2,6.5,95,6.5,95,20
"exp2",78,3,9.5,65,5,125,1
"exp2",78,3,9.5,65,6.5,95,3
"exp2",78,3,9.5,65,9.5,65,4
"exp2",78,4,6,105,5,125,5
"exp2",78,4,6,105,5.5,115,8
"exp2",78,4,6,105,6,105,7
"exp2",78,5,8,75,5,125,2
"exp2",78,5,8,75,6.5,95,3
"exp2",78,5,8,75,8,75,1
"exp2",79,1,7.5,85,5,125,70
"exp2",79,1,7.5,85,6,105,60
"exp2",79,1,7.5,85,7.5,85,50
"exp2",79,2,6.5,95,5,125,60
"exp2",79,2,6.5,95,5.5,115,50
"exp2",79,2,6.5,95,6.5,95,50
"exp2",79,3,8,75,5,125,60
"exp2",79,3,8,75,6.5,95,50
"exp2",79,3,8,75,8,75,50
"exp2",79,4,6,105,5,125,60
"exp2",79,4,6,105,5.5,115,60
"exp2",79,4,6,105,6,105,60
"exp2",79,5,9.5,65,5,125,50
"exp2",79,5,9.5,65,6.5,95,50
"exp2",79,5,9.5,65,9.5,65,40
"exp2",80,1,8,75,5,125,100
"exp2",80,1,8,75,6.5,95,85
"exp2",80,1,8,75,8,75,85
"exp2",80,2,6,105,5,125,120
"exp2",80,2,6,105,5.5,115,132
"exp2",80,2,6,105,6,105,132
"exp2",80,3,7.5,85,5,125,95
"exp2",80,3,7.5,85,6,105,124
"exp2",80,3,7.5,85,7.5,85,132
"exp2",80,4,6.5,95,5,125,121
"exp2",80,4,6.5,95,5.5,115,143
"exp2",80,4,6.5,95,6.5,95,100
"exp2",80,5,9.5,65,5,125,124
"exp2",80,5,9.5,65,6.5,95,95
"exp2",80,5,9.5,65,9.5,65,132
"exp2",81,1,6,105,5,125,57
"exp2",81,1,6,105,5.5,115,55
"exp2",81,1,6,105,6,105,53
"exp2",81,2,7.5,85,5,125,50
"exp2",81,2,7.5,85,6,105,45
"exp2",81,2,7.5,85,7.5,85,40
"exp2",81,3,8,75,5,125,48
"exp2",81,3,8,75,6.5,95,44
"exp2",81,3,8,75,8,75,40
"exp2",81,4,9.5,65,5,125,44
"exp2",81,4,9.5,65,6.5,95,40
"exp2",81,4,9.5,65,9.5,65,34
"exp2",81,5,6.5,95,5,125,54
"exp2",81,5,6.5,95,5.5,115,52
"exp2",81,5,6.5,95,6.5,95,49
"exp2",82,1,7.5,85,5,125,100
"exp2",82,1,7.5,85,6,105,90
"exp2",82,1,7.5,85,7.5,85,40
"exp2",82,2,9.5,65,5,125,75
"exp2",82,2,9.5,65,6.5,95,70
"exp2",82,2,9.5,65,9.5,65,60
"exp2",82,3,8,75,5,125,70
"exp2",82,3,8,75,6.5,95,68
"exp2",82,3,8,75,8,75,65
"exp2",82,4,6.5,95,5,125,90
"exp2",82,4,6.5,95,5.5,115,85
"exp2",82,4,6.5,95,6.5,95,70
"exp2",82,5,6,105,5,125,80
"exp2",82,5,6,105,5.5,115,70
"exp2",82,5,6,105,6,105,60
"exp2",83,1,8,75,5,125,50
"exp2",83,1,8,75,6.5,95,65
"exp2",83,1,8,75,8,75,75
"exp2",83,2,6.5,95,5,125,65
"exp2",83,2,6.5,95,5.5,115,65
"exp2",83,2,6.5,95,6.5,95,50
"exp2",83,3,7.5,85,5,125,60
"exp2",83,3,7.5,85,6,105,50
"exp2",83,3,7.5,85,7.5,85,50
"exp2",83,4,9.5,65,5,125,65
"exp2",83,4,9.5,65,6.5,95,65
"exp2",83,4,9.5,65,9.5,65,30
"exp2",83,5,6,105,5,125,70
"exp2",83,5,6,105,5.5,115,65
"exp2",83,5,6,105,6,105,60
"exp2",84,1,7.5,85,5,125,90
"exp2",84,1,7.5,85,6,105,95
"exp2",84,1,7.5,85,7.5,85,60
"exp2",84,2,6,105,5,125,94
"exp2",84,2,6,105,5.5,115,96
"exp2",84,2,6,105,6,105,86
"exp2",84,3,9.5,65,5,125,75
"exp2",84,3,9.5,65,6.5,95,75
"exp2",84,3,9.5,65,9.5,65,40
"exp2",84,4,6.5,95,5,125,82
"exp2",84,4,6.5,95,5.5,115,75
"exp2",84,4,6.5,95,6.5,95,63
"exp2",84,5,8,75,5,125,64
"exp2",84,5,8,75,6.5,95,50
"exp2",84,5,8,75,8,75,44
"exp2",85,1,8,75,5,125,100
"exp2",85,1,8,75,6.5,95,85
"exp2",85,1,8,75,8,75,65
"exp2",85,2,7.5,85,5,125,95
"exp2",85,2,7.5,85,6,105,85
"exp2",85,2,7.5,85,7.5,85,80
"exp2",85,3,6.5,95,5,125,95
"exp2",85,3,6.5,95,5.5,115,95
"exp2",85,3,6.5,95,6.5,95,85
"exp2",85,4,6,105,5,125,100
"exp2",85,4,6,105,5.5,115,100
"exp2",85,4,6,105,6,105,95
"exp2",85,5,9.5,65,5,125,85
"exp2",85,5,9.5,65,6.5,95,70
"exp2",85,5,9.5,65,9.5,65,60
"exp2",86,1,6.5,95,5,125,105
"exp2",86,1,6.5,95,5.5,115,100
"exp2",86,1,6.5,95,6.5,95,90
"exp2",86,2,6,105,5,125,105
"exp2",86,2,6,105,5.5,115,100
"exp2",86,2,6,105,6,105,95
"exp2",86,3,9.5,65,5,125,90
"exp2",86,3,9.5,65,6.5,95,80
"exp2",86,3,9.5,65,9.5,65,50
"exp2",86,4,8,75,5,125,95
"exp2",86,4,8,75,6.5,95,80
"exp2",86,4,8,75,8,75,60
"exp2",86,5,7.5,85,5,125,95
"exp2",86,5,7.5,85,6,105,85
"exp2",86,5,7.5,85,7.5,85,70
"exp2",87,1,7.5,85,5,125,200
"exp2",87,1,7.5,85,6,105,200
"exp2",87,1,7.5,85,7.5,85,200
"exp2",87,2,8,75,5,125,200
"exp2",87,2,8,75,6.5,95,170
"exp2",87,2,8,75,8,75,150
"exp2",87,3,6,105,5,125,0
"exp2",87,3,6,105,5.5,115,0
"exp2",87,3,6,105,6,105,0
"exp2",87,4,9.5,65,5,125,190
"exp2",87,4,9.5,65,6.5,95,160
"exp2",87,4,9.5,65,9.5,65,130
"exp2",87,5,6.5,95,5,125,0
"exp2",87,5,6.5,95,5.5,115,0
"exp2",87,5,6.5,95,6.5,95,190
"exp2",88,1,8,75,5,125,80
"exp2",88,1,8,75,6.5,95,95
"exp2",88,1,8,75,8,75,65
"exp2",88,2,7.5,85,5,125,75
"exp2",88,2,7.5,85,6,105,85
"exp2",88,2,7.5,85,7.5,85,70
"exp2",88,3,6.5,95,5,125,90
"exp2",88,3,6.5,95,5.5,115,95
"exp2",88,3,6.5,95,6.5,95,75
"exp2",88,4,9.5,65,5,125,50
"exp2",88,4,9.5,65,6.5,95,60
"exp2",88,4,9.5,65,9.5,65,45
"exp2",88,5,6,105,5,125,100
"exp2",88,5,6,105,5.5,115,100
"exp2",88,5,6,105,6,105,95
"exp2",89,1,6.5,95,5,125,50
"exp2",89,1,6.5,95,5.5,115,90
"exp2",89,1,6.5,95,6.5,95,95
"exp2",89,2,6,105,5,125,100
"exp2",89,2,6,105,5.5,115,100
"exp2",89,2,6,105,6,105,100
"exp2",89,3,9.5,65,5,125,60
"exp2",89,3,9.5,65,6.5,95,60
"exp2",89,3,9.5,65,9.5,65,60
"exp2",89,4,8,75,5,125,65
"exp2",89,4,8,75,6.5,95,65
"exp2",89,4,8,75,8,75,65
"exp2",89,5,7.5,85,5,125,75
"exp2",89,5,7.5,85,6,105,75
"exp2",89,5,7.5,85,7.5,85,75
"exp2",90,1,9.5,65,5,125,70
"exp2",90,1,9.5,65,6.5,95,50
"exp2",90,1,9.5,65,9.5,65,45
"exp2",90,2,6.5,95,5,125,80
"exp2",90,2,6.5,95,5.5,115,75
"exp2",90,2,6.5,95,6.5,95,65
"exp2",90,3,7.5,85,5,125,80
"exp2",90,3,7.5,85,6,105,70
"exp2",90,3,7.5,85,7.5,85,60
"exp2",90,4,6,105,5,125,90
"exp2",90,4,6,105,5.5,115,80
"exp2",90,4,6,105,6,105,75
"exp2",90,5,8,75,5,125,80
"exp2",90,5,8,75,6.5,95,65
"exp2",90,5,8,75,8,75,50
"exp2",91,1,6,105,5,125,125
"exp2",91,1,6,105,5.5,115,115
"exp2",91,1,6,105,6,105,105
"exp2",91,2,9.5,65,5,125,65
"exp2",91,2,9.5,65,6.5,95,65
"exp2",91,2,9.5,65,9.5,65,65
"exp2",91,3,6.5,95,5,125,95
"exp2",91,3,6.5,95,5.5,115,95
"exp2",91,3,6.5,95,6.5,95,95
"exp2",91,4,7.5,85,5,125,85
"exp2",91,4,7.5,85,6,105,85
"exp2",91,4,7.5,85,7.5,85,85
"exp2",91,5,8,75,5,125,75
"exp2",91,5,8,75,6.5,95,75
"exp2",91,5,8,75,8,75,75
"exp2",92,1,9.5,65,5,125,125
"exp2",92,1,9.5,65,6.5,95,95
"exp2",92,1,9.5,65,9.5,65,65
"exp2",92,2,7.5,85,5,125,125
"exp2",92,2,7.5,85,6,105,105
"exp2",92,2,7.5,85,7.5,85,85
"exp2",92,3,6,105,5,125,105
"exp2",92,3,6,105,5.5,115,105
"exp2",92,3,6,105,6,105,105
"exp2",92,4,6.5,95,5,125,95
"exp2",92,4,6.5,95,5.5,115,95
"exp2",92,4,6.5,95,6.5,95,95
"exp2",92,5,8,75,5,125,75
"exp2",92,5,8,75,6.5,95,75
"exp2",92,5,8,75,8,75,75
"exp2",93,1,6,105,5,125,125
"exp2",93,1,6,105,5.5,115,115
"exp2",93,1,6,105,6,105,105
"exp2",93,2,9.5,65,5,125,115
"exp2",93,2,9.5,65,6.5,95,95
"exp2",93,2,9.5,65,9.5,65,65
"exp2",93,3,6.5,95,5,125,110
"exp2",93,3,6.5,95,5.5,115,95
"exp2",93,3,6.5,95,6.5,95,85
"exp2",93,4,8,75,5,125,100
"exp2",93,4,8,75,6.5,95,80
"exp2",93,4,8,75,8,75,60
"exp2",93,5,7.5,85,5,125,70
"exp2",93,5,7.5,85,6,105,65
"exp2",93,5,7.5,85,7.5,85,55
"exp2",94,1,7.5,85,5,125,70
"exp2",94,1,7.5,85,6,105,60
"exp2",94,1,7.5,85,7.5,85,50
"exp2",94,2,8,75,5,125,70
"exp2",94,2,8,75,6.5,95,60
"exp2",94,2,8,75,8,75,55
"exp2",94,3,6,105,5,125,65
"exp2",94,3,6,105,5.5,115,60
"exp2",94,3,6,105,6,105,55
"exp2",94,4,6.5,95,5,125,70
"exp2",94,4,6.5,95,5.5,115,60
"exp2",94,4,6.5,95,6.5,95,50
"exp2",94,5,9.5,65,5,125,70
"exp2",94,5,9.5,65,6.5,95,55
"exp2",94,5,9.5,65,9.5,65,45
"exp2",95,1,7.5,85,5,125,110
"exp2",95,1,7.5,85,6,105,95
"exp2",95,1,7.5,85,7.5,85,90
"exp2",95,2,9.5,65,5,125,65
"exp2",95,2,9.5,65,6.5,95,60
"exp2",95,2,9.5,65,9.5,65,55
"exp2",95,3,6,105,5,125,65
"exp2",95,3,6,105,5.5,115,55
"exp2",95,3,6,105,6,105,50
"exp2",95,4,8,75,5,125,70
"exp2",95,4,8,75,6.5,95,70
"exp2",95,4,8,75,8,75,65
"exp2",95,5,6.5,95,5,125,75
"exp2",95,5,6.5,95,5.5,115,70
"exp2",95,5,6.5,95,6.5,95,65
"exp2",96,1,8,75,5,125,75
"exp2",96,1,8,75,6.5,95,75
"exp2",96,1,8,75,8,75,75
"exp2",96,2,7.5,85,5,125,85
"exp2",96,2,7.5,85,6,105,85
"exp2",96,2,7.5,85,7.5,85,85
"exp2",96,3,9.5,65,5,125,65
"exp2",96,3,9.5,65,6.5,95,65
"exp2",96,3,9.5,65,9.5,65,65
"exp2",96,4,6.5,95,5,125,95
"exp2",96,4,6.5,95,5.5,115,95
"exp2",96,4,6.5,95,6.5,95,95
"exp2",96,5,6,105,5,125,105
"exp2",96,5,6,105,5.5,115,105
"exp2",96,5,6,105,6,105,105
"exp2",97,1,9.5,65,5,125,100
"exp2",97,1,9.5,65,6.5,95,80
"exp2",97,1,9.5,65,9.5,65,40
"exp2",97,2,8,75,5,125,100
"exp2",97,2,8,75,6.5,95,80
"exp2",97,2,8,75,8,75,60
"exp2",97,3,6,105,5,125,90
"exp2",97,3,6,105,5.5,115,80
"exp2",97,3,6,105,6,105,70
"exp2",97,4,6.5,95,5,125,90
"exp2",97,4,6.5,95,5.5,115,80
"exp2",97,4,6.5,95,6.5,95,70
"exp2",97,5,7.5,85,5,125,90
"exp2",97,5,7.5,85,6,105,80
"exp2",97,5,7.5,85,7.5,85,70
"exp2",98,1,7.5,85,5,125,125
"exp2",98,1,7.5,85,6,105,105
"exp2",98,1,7.5,85,7.5,85,85
"exp2",98,2,6.5,95,5,125,95
"exp2",98,2,6.5,95,5.5,115,95
"exp2",98,2,6.5,95,6.5,95,95
"exp2",98,3,8,75,5,125,65
"exp2",98,3,8,75,6.5,95,65
"exp2",98,3,8,75,8,75,65
"exp2",98,4,9.5,65,5,125,50
"exp2",98,4,9.5,65,6.5,95,50
"exp2",98,4,9.5,65,9.5,65,50
"exp2",98,5,6,105,5,125,50
"exp2",98,5,6,105,5.5,115,50
"exp2",98,5,6,105,6,105,40
